firstName,lastName,birthDate,uid
Mamie,Savage,02.06.1981,994
Elsie,Glenn,21.09.1973,570
Solomon,Powers,11.03.1978,533
Bennett,Allen,12.02.1998,396
Maryann,King,09.11.1993,262
Herschel,Fletcher,20.01.1978,20
Dale,Lowe,01.10.1983,982
Annabelle,Mccall,18.10.1998,551
Fran,Santana,06.02.1975,832
Merle,Flores,15.11.1998,555
Rosetta,Atkins,08.09.1995,334
Harlan,Horne,02.01.1979,864
Luis,Cervantes,22.07.1995,714
Shelby,Simmons,26.06.1994,945
Brandi,Malone,07.10.1991,545
Kaitlin,Solomon,10.04.1993,37
Joel,Bailey,15.06.1983,656
Chi,Rogers,23.11.1975,233
Rex,Gray,10.09.1997,282
Leona,Klein,18.07.1983,485
Kathy,Hill,23.09.1991,904
Rosalinda,Riley,12.06.1971,433
Janine,Gilmore,16.06.1991,250
Adrian,Walker,05.11.1998,89
Loren,Brady,19.07.1989,115
Cyrus,Glover,22.01.1970,740
Tonya,Chambers,08.03.1977,211
Brianna,Summers,05.07.1993,587
Ernesto,Morgan,01.10.1972,51
Tammy,Lloyd,13.02.1971,898
Elva,Silva,23.09.1974,585
Roxie,Kaufman,19.05.1983,89
Rob,Meyers,01.02.1993,11
Micah,Sanders,06.07.1978,266
Martin,Velasquez,04.12.1987,261
Scotty,Barr,19.01.1976,758
Marsha,Johnson,04.11.1986,557
Bernice,Pitts,05.11.1996,48
Elise,Hobbs,08.10.1999,145
Barbra,Elliott,07.09.1993,419
Ernestine,Vang,21.09.1999,169
Norberto,Shaffer,05.01.1971,877
Harry,Head,25.01.1999,918
Warren,Schneider,07.10.1989,942
Homer,Porter,22.01.1995,436
Bridgette,Lucas,20.03.1991,981
Dale,Odonnell,27.05.1985,741
Clarissa,Duncan,16.02.1997,319
Carol,Hicks,09.07.1984,36
Mickey,Webb,04.04.1999,988
Enrique,Buck,23.06.1990,274
Garland,Joyner,20.01.1980,87
Elmer,Campbell,03.03.1972,938
Essie,Mendoza,24.05.1973,853
Laurie,Bryant,20.10.1988,755
Aimee,Mccarty,17.05.1985,729
Thurman,Beck,13.10.1992,736
Ronny,Decker,17.07.1971,825
Stacey,Shepherd,06.03.1986,460
Loraine,Merritt,06.01.1977,83
Cleveland,Johnston,09.08.1976,992
Haley,Mcfadden,06.09.1996,876
Maria,Petty,26.01.1999,682
Duncan,Beach,17.07.1980,971
Marian,Clark,15.12.1970,229
Blake,Walsh,25.09.1998,387
Devon,Erickson,12.08.1979,696
Kristi,Rowland,10.12.1982,500
Rosario,Hubbard,25.08.1977,768
Phillip,Mueller,09.02.1980,678
Noemi,Ramirez,16.09.1983,669
Sheree,Branch,18.05.1977,33
Jeannie,Glass,26.10.1974,197
Tabatha,Jacobson,16.11.1981,650
Andrea,Mcmahon,27.10.1990,604
Ernie,Kirkland,11.05.1977,198
Leon,Holden,26.02.1993,764
Denis,Patrick,12.12.1994,372
Bianca,Hurst,14.11.1987,753
Edna,Sharp,18.08.1998,723
Robbie,Spencer,24.08.1989,43
Jamel,Foley,07.05.1988,213
Jillian,Nolan,25.04.1983,960
Hugh,Lucas,23.03.1993,667
Maude,Bishop,08.06.1993,935
Edgardo,Hess,06.10.1975,954
Delbert,Castillo,19.07.1976,994
Buddy,Wiley,28.05.1994,648
Rebecca,Cobb,02.03.1990,335
Clayton,Foster,01.06.1997,985
Mariano,Torres,03.05.1999,89
Vivian,Sweeney,26.07.1981,281
Bradford,Bridges,07.02.1979,218
Laurence,Butler,13.07.1978,858
Holly,Jimenez,16.01.1978,494
Philip,Mcmahon,18.07.1983,871
Ingrid,Spears,14.06.1992,382
Jeffry,Sharp,11.09.1973,807
Jeannette,Sellers,12.11.1982,91
Mitch,Holder,03.04.2000,898
